<?xml version="1.0" encoding="utf-8" standalone="no"?>
<!--
Copyright 2017 Siemens Product Lifecycle Management Software Inc. All Rights Reserved.
================================================================================
Copyright 2017.
Siemens Product Lifecycle Management Software Inc.
All Rights Reserved.
================================================================================
Copyright 2017 Siemens Product Lifecycle Management Software Inc. All Rights Reserved.
-->
<package guid="7B4E3B8746720398110003A6DB1F1DE2" packageId="nextlabs">
    <displayName value="${packageId}.displayName"/>
    <description value="${packageId}.description"/>
    <contentType value="application"/>
    <propertyContribution/>
    <dependencies>
        <dependency id="cmtmes" type="requires"/>
        <dependency id="translationservice" type="requires"/>
    </dependencies>
    <artifact artifactType="fnd0_dataModelArtifact" guid="57189D019CB5FE13497A15A700F07B24">
        <deploymentActions>
            <install>
                <target description="Perform the file deployment actions including unzip, copy, and delete." name="fileProcessing">
                    <unzip dest="${Teamcenter_root_path}" src="${Teamcenter_nextlabs_path}/artifacts/nextlabs_template.zip"/>
                    <unzip dest="${Teamcenter_root_path}" src="${Teamcenter_nextlabs_path}/artifacts/nextlabs_install.zip"/>
                    <copy file="${Teamcenter_nextlabs_path}/artifacts/nextlabs_icons.zip" todir="${Teamcenter_root_path}/install/nextlabs"/>
                </target>
                <target description="Perform the operations that must be completed prior to the database being updated." name="preDatabaseUpdate">
                    <TemplateDeploy name="nextlabs"/>
                </target>
                <target description="Perform the operations that are database dependent." name="databaseUpdate"/>
                <target description="Perform the operations that must be completed after the database update has occurred." name="postDatabaseUpdate"/>
            </install>
            <update>
                <target description="Perform the file deployment actions including unzip, copy, and delete." name="fileProcessing">
                    <unzip dest="${Teamcenter_root_path}" src="${Teamcenter_nextlabs_path}/artifacts/nextlabs_template.zip"/>
                    <unzip dest="${Teamcenter_root_path}" src="${Teamcenter_nextlabs_path}/artifacts/nextlabs_install.zip"/>
                    <copy file="${Teamcenter_nextlabs_path}/artifacts/nextlabs_icons.zip" force="true" overwrite="true" todir="${Teamcenter_root_path}/install/nextlabs"/>
                </target>
                <target description="Perform the operations that must be completed prior to the database being updated." name="preDatabaseUpdate">
                    <TemplateUpdate name="nextlabs"/>
                </target>
                <target description="Perform the operations that are database dependent." name="databaseUpdate"/>
                <target description="Perform the operations that must be completed after the database update has occurred." name="postDatabaseUpdate"/>
            </update>
        </deploymentActions>
    </artifact>
</package>
