<?xml version="1.0" encoding="UTF-8" standalone="no"?>
<!--
    Document   : feature_nextlabsipem.xml
    Description: This XML is used by TEM to install or upgrade the "nextlabsipem" solution.
--><feature>
    <name value="nextlabs_ipem"/>
    <property name="feature_name" value="nextlabsipem"/>
    <group value="package"/>
    <guid value="CF227A80684DBA2AECD07AEB701C2841"/>
    <bundle value="${feature_name}Bundle.xml"/>
    <description value="${feature_name}.description"/>
    <include file="dataModelDependency.xml"/>
    <relation>
        <depends name="ipem" value="4C679E5C5C9C34609D29FC4C41644C10"/>
        <depends name="nextlabs" value="57189D019CB5FE13497A15A700F07B24"/>
        <depends name="translationservice" value="301F12B06B3EAAB18DC0C2B9444F3B20"/>
    </relation>
    <feature>
        <!--  Feature: Data Model -->
        <name value="Data Model"/>
        <property name="feature_id" value="datamodel"/>
        <property name="bmide_optional" value="false"/>
        <property name="template_name" value="${feature_name}"/>
        <property name="template_file" value="${template_name}_template.xml"/>
        <removable value="false"/>
        <root value="true"/>
        <bundle value="${template_name}Bundle.xml"/>
        <description value="${template_name}.description"/>
        <guid value="676A28E3885CCA50EE0C3FC439858383"/>
        <include file="coreDataModel.xml"/>
        <include file="generatePlmxmlSchema.xml"/>
    </feature>
<dependencyReferences>
        <reference name="foundation" value="8C061DD51E13E0CB9DC4687B1A3348BE"/>
    </dependencyReferences>
</feature>
