<?xml version="1.0" encoding="utf-8" standalone="no"?>
<!--
Copyright 2017 Siemens Product Lifecycle Management Software Inc. All Rights Reserved.
================================================================================
Copyright 2017.
Siemens Product Lifecycle Management Software Inc.
All Rights Reserved.
================================================================================
Copyright 2017 Siemens Product Lifecycle Management Software Inc. All Rights Reserved.
-->
<package guid="CF227A80684DBA2AECD07AEB701C2841" packageId="nextlabsipem">
    <displayName value="${packageId}.displayName"/>
    <description value="${packageId}.description"/>
    <contentType value="application"/>
    <propertyContribution/>
    <dependencies>
        <dependency id="ipem" type="requires"/>
        <dependency id="translationservice" type="requires"/>
        <dependency id="nextlabs" type="requires"/>
    </dependencies>
    <artifact artifactType="fnd0_dataModelArtifact" guid="676A28E3885CCA50EE0C3FC439858383">
        <deploymentActions>
            <install>
                <target description="Perform the file deployment actions including unzip, copy, and delete." name="fileProcessing">
                    <unzip dest="${Teamcenter_root_path}" src="${Teamcenter_nextlabsipem_path}/artifacts/nextlabsipem_template.zip"/>
                    <unzip dest="${Teamcenter_root_path}" src="${Teamcenter_nextlabsipem_path}/artifacts/nextlabsipem_install.zip"/>
                    <copy file="${Teamcenter_nextlabsipem_path}/artifacts/nextlabsipem_icons.zip" todir="${Teamcenter_root_path}/install/nextlabsipem"/>
                </target>
                <target description="Perform the operations that must be completed prior to the database being updated." name="preDatabaseUpdate">
                    <TemplateDeploy name="nextlabsipem"/>
                </target>
                <target description="Perform the operations that are database dependent." name="databaseUpdate"/>
                <target description="Perform the operations that must be completed after the database update has occurred." name="postDatabaseUpdate"/>
            </install>
            <update>
                <target description="Perform the file deployment actions including unzip, copy, and delete." name="fileProcessing">
                    <unzip dest="${Teamcenter_root_path}" src="${Teamcenter_nextlabsipem_path}/artifacts/nextlabsipem_template.zip"/>
                    <unzip dest="${Teamcenter_root_path}" src="${Teamcenter_nextlabsipem_path}/artifacts/nextlabsipem_install.zip"/>
                    <copy file="${Teamcenter_nextlabsipem_path}/artifacts/nextlabsipem_icons.zip" force="true" overwrite="true" todir="${Teamcenter_root_path}/install/nextlabsipem"/>
                </target>
                <target description="Perform the operations that must be completed prior to the database being updated." name="preDatabaseUpdate">
                    <TemplateUpdate name="nextlabsipem"/>
                </target>
                <target description="Perform the operations that are database dependent." name="databaseUpdate"/>
                <target description="Perform the operations that must be completed after the database update has occurred." name="postDatabaseUpdate"/>
            </update>
        </deploymentActions>
    </artifact>
</package>
