<?xml version="1.0" encoding="UTF-8"?>
<TcBusinessData xmlns="http://teamcenter.com/BusinessModel/TcBusinessData" Date="Thu May 23 09:02:57 PM 2019">
<Add>
   <TcDatasetToolAttach datasetType="Pro2Cem">
      <TcDSViewTool name="Nxl3_FileHandler"/>
   </TcDatasetToolAttach>
   <TcDatasetToolAttach datasetType="Pro2Cem">
      <TcDSEditTool name="Nxl3_FileHandler"/>
   </TcDatasetToolAttach>
   <TcDatasetReferenceAttach datasetType="Pro2Cem">
      <TcDatasetReference name="Nxl3_DRM_Protected_Reference">
         <TcDatasetReferenceInfo template="*.nxl" format="BINARY"/>
      </TcDatasetReference>
   </TcDatasetReferenceAttach>
   <TcDatasetToolActionAttach datasetType="Pro2Cem" tool="Nxl3_FileHandler" action="Open">
      <TcToolActionReference export="true" referenceName="Nxl3_DRM_Protected_Reference"/>
      <TcToolParameter name="$Nxl3_DRM_Protected_Reference"/>
   </TcDatasetToolActionAttach>
   <TcDatasetToolAttach datasetType="ProAsm">
      <TcDSViewTool name="Nxl3_FileHandler"/>
   </TcDatasetToolAttach>
   <TcDatasetToolAttach datasetType="ProAsm">
      <TcDSEditTool name="Nxl3_FileHandler"/>
   </TcDatasetToolAttach>
   <TcDatasetReferenceAttach datasetType="ProAsm">
      <TcDatasetReference name="Nxl3_DRM_Protected_Reference">
         <TcDatasetReferenceInfo template="*.nxl" format="BINARY"/>
      </TcDatasetReference>
   </TcDatasetReferenceAttach>
   <TcDatasetToolActionAttach datasetType="ProAsm" tool="Nxl3_FileHandler" action="Open">
      <TcToolActionReference export="true" referenceName="Nxl3_DRM_Protected_Reference"/>
      <TcToolParameter name="$Nxl3_DRM_Protected_Reference"/>
   </TcDatasetToolActionAttach>
   <TcDatasetToolAttach datasetType="ProDgm">
      <TcDSViewTool name="Nxl3_FileHandler"/>
   </TcDatasetToolAttach>
   <TcDatasetToolAttach datasetType="ProDgm">
      <TcDSEditTool name="Nxl3_FileHandler"/>
   </TcDatasetToolAttach>
   <TcDatasetReferenceAttach datasetType="ProDgm">
      <TcDatasetReference name="Nxl3_DRM_Protected_Reference">
         <TcDatasetReferenceInfo template="*.nxl" format="BINARY"/>
      </TcDatasetReference>
   </TcDatasetReferenceAttach>
   <TcDatasetToolActionAttach datasetType="ProDgm" tool="Nxl3_FileHandler" action="Open">
      <TcToolActionReference export="true" referenceName="Nxl3_DRM_Protected_Reference"/>
      <TcToolParameter name="$Nxl3_DRM_Protected_Reference"/>
   </TcDatasetToolActionAttach>
   <TcDatasetToolAttach datasetType="ProDrw">
      <TcDSViewTool name="Nxl3_FileHandler"/>
   </TcDatasetToolAttach>
   <TcDatasetToolAttach datasetType="ProDrw">
      <TcDSEditTool name="Nxl3_FileHandler"/>
   </TcDatasetToolAttach>
   <TcDatasetReferenceAttach datasetType="ProDrw">
      <TcDatasetReference name="Nxl3_DRM_Protected_Reference">
         <TcDatasetReferenceInfo template="*.nxl" format="BINARY"/>
      </TcDatasetReference>
   </TcDatasetReferenceAttach>
   <TcDatasetToolActionAttach datasetType="ProDrw" tool="Nxl3_FileHandler" action="Open">
      <TcToolActionReference export="true" referenceName="Nxl3_DRM_Protected_Reference"/>
      <TcToolParameter name="$Nxl3_DRM_Protected_Reference"/>
   </TcDatasetToolActionAttach>
   <TcDatasetToolAttach datasetType="ProFrm">
      <TcDSViewTool name="Nxl3_FileHandler"/>
   </TcDatasetToolAttach>
   <TcDatasetToolAttach datasetType="ProFrm">
      <TcDSEditTool name="Nxl3_FileHandler"/>
   </TcDatasetToolAttach>
   <TcDatasetReferenceAttach datasetType="ProFrm">
      <TcDatasetReference name="Nxl3_DRM_Protected_Reference">
         <TcDatasetReferenceInfo template="*.nxl" format="BINARY"/>
      </TcDatasetReference>
   </TcDatasetReferenceAttach>
   <TcDatasetToolActionAttach datasetType="ProFrm" tool="Nxl3_FileHandler" action="Open">
      <TcToolActionReference export="true" referenceName="Nxl3_DRM_Protected_Reference"/>
      <TcToolParameter name="$Nxl3_DRM_Protected_Reference"/>
   </TcDatasetToolActionAttach>
   <TcDatasetToolAttach datasetType="ProGph">
      <TcDSViewTool name="Nxl3_FileHandler"/>
   </TcDatasetToolAttach>
   <TcDatasetToolAttach datasetType="ProGph">
      <TcDSEditTool name="Nxl3_FileHandler"/>
   </TcDatasetToolAttach>
   <TcDatasetReferenceAttach datasetType="ProGph">
      <TcDatasetReference name="Nxl3_DRM_Protected_Reference">
         <TcDatasetReferenceInfo template="*.nxl" format="BINARY"/>
      </TcDatasetReference>
   </TcDatasetReferenceAttach>
   <TcDatasetToolActionAttach datasetType="ProGph" tool="Nxl3_FileHandler" action="Open">
      <TcToolActionReference export="true" referenceName="Nxl3_DRM_Protected_Reference"/>
      <TcToolParameter name="$Nxl3_DRM_Protected_Reference"/>
   </TcDatasetToolActionAttach>
   <TcDatasetToolAttach datasetType="ProLay">
      <TcDSViewTool name="Nxl3_FileHandler"/>
   </TcDatasetToolAttach>
   <TcDatasetToolAttach datasetType="ProLay">
      <TcDSEditTool name="Nxl3_FileHandler"/>
   </TcDatasetToolAttach>
   <TcDatasetReferenceAttach datasetType="ProLay">
      <TcDatasetReference name="Nxl3_DRM_Protected_Reference">
         <TcDatasetReferenceInfo template="*.nxl" format="BINARY"/>
      </TcDatasetReference>
   </TcDatasetReferenceAttach>
   <TcDatasetToolActionAttach datasetType="ProLay" tool="Nxl3_FileHandler" action="Open">
      <TcToolActionReference export="true" referenceName="Nxl3_DRM_Protected_Reference"/>
      <TcToolParameter name="$Nxl3_DRM_Protected_Reference"/>
   </TcDatasetToolActionAttach>
   <TcDatasetToolAttach datasetType="ProMfg">
      <TcDSViewTool name="Nxl3_FileHandler"/>
   </TcDatasetToolAttach>
   <TcDatasetToolAttach datasetType="ProMfg">
      <TcDSEditTool name="Nxl3_FileHandler"/>
   </TcDatasetToolAttach>
   <TcDatasetReferenceAttach datasetType="ProMfg">
      <TcDatasetReference name="Nxl3_DRM_Protected_Reference">
         <TcDatasetReferenceInfo template="*.nxl" format="BINARY"/>
      </TcDatasetReference>
   </TcDatasetReferenceAttach>
   <TcDatasetToolActionAttach datasetType="ProMfg" tool="Nxl3_FileHandler" action="Open">
      <TcToolActionReference export="true" referenceName="Nxl3_DRM_Protected_Reference"/>
      <TcToolParameter name="$Nxl3_DRM_Protected_Reference"/>
   </TcDatasetToolActionAttach>
   <TcDatasetToolAttach datasetType="ProMrk">
      <TcDSViewTool name="Nxl3_FileHandler"/>
   </TcDatasetToolAttach>
   <TcDatasetToolAttach datasetType="ProMrk">
      <TcDSEditTool name="Nxl3_FileHandler"/>
   </TcDatasetToolAttach>
   <TcDatasetReferenceAttach datasetType="ProMrk">
      <TcDatasetReference name="Nxl3_DRM_Protected_Reference">
         <TcDatasetReferenceInfo template="*.nxl" format="BINARY"/>
      </TcDatasetReference>
   </TcDatasetReferenceAttach>
   <TcDatasetToolActionAttach datasetType="ProMrk" tool="Nxl3_FileHandler" action="Open">
      <TcToolActionReference export="true" referenceName="Nxl3_DRM_Protected_Reference"/>
      <TcToolParameter name="$Nxl3_DRM_Protected_Reference"/>
   </TcDatasetToolActionAttach>
   <TcDatasetToolAttach datasetType="ProPrt">
      <TcDSViewTool name="Nxl3_FileHandler"/>
   </TcDatasetToolAttach>
   <TcDatasetToolAttach datasetType="ProPrt">
      <TcDSEditTool name="Nxl3_FileHandler"/>
   </TcDatasetToolAttach>
   <TcDatasetReferenceAttach datasetType="ProPrt">
      <TcDatasetReference name="Nxl3_DRM_Protected_Reference">
         <TcDatasetReferenceInfo template="*.nxl" format="BINARY"/>
      </TcDatasetReference>
   </TcDatasetReferenceAttach>
   <TcDatasetToolActionAttach datasetType="ProPrt" tool="Nxl3_FileHandler" action="Open">
      <TcToolActionReference export="true" referenceName="Nxl3_DRM_Protected_Reference"/>
      <TcToolParameter name="$Nxl3_DRM_Protected_Reference"/>
   </TcDatasetToolActionAttach>
   <TcDatasetToolAttach datasetType="ProRep">
      <TcDSViewTool name="Nxl3_FileHandler"/>
   </TcDatasetToolAttach>
   <TcDatasetToolAttach datasetType="ProRep">
      <TcDSEditTool name="Nxl3_FileHandler"/>
   </TcDatasetToolAttach>
   <TcDatasetReferenceAttach datasetType="ProRep">
      <TcDatasetReference name="Nxl3_DRM_Protected_Reference">
         <TcDatasetReferenceInfo template="*.nxl" format="BINARY"/>
      </TcDatasetReference>
   </TcDatasetReferenceAttach>
   <TcDatasetToolActionAttach datasetType="ProRep" tool="Nxl3_FileHandler" action="Open">
      <TcToolActionReference export="true" referenceName="Nxl3_DRM_Protected_Reference"/>
      <TcToolParameter name="$Nxl3_DRM_Protected_Reference"/>
   </TcDatasetToolActionAttach>
   <TcDatasetToolAttach datasetType="ProSec">
      <TcDSViewTool name="Nxl3_FileHandler"/>
   </TcDatasetToolAttach>
   <TcDatasetToolAttach datasetType="ProSec">
      <TcDSEditTool name="Nxl3_FileHandler"/>
   </TcDatasetToolAttach>
   <TcDatasetReferenceAttach datasetType="ProSec">
      <TcDatasetReference name="Nxl3_DRM_Protected_Reference">
         <TcDatasetReferenceInfo template="*.nxl" format="BINARY"/>
      </TcDatasetReference>
   </TcDatasetReferenceAttach>
   <TcDatasetToolActionAttach datasetType="ProSec" tool="Nxl3_FileHandler" action="Open">
      <TcToolActionReference export="false" referenceName="Nxl3_DRM_Protected_Reference"/>
      <TcToolParameter name="$Nxl3_DRM_Protected_Reference"/>
   </TcDatasetToolActionAttach>
   <TcGlobalConstantAttach constantName="Fnd0SelectedLocales" value="en_US"/>
   <TcTypeConstantAttach constantName="Fnd0Icon" typeName="Pro2Cem" value="Nxl3COTS_Gear.png"/>
   <TcTypeConstantAttach constantName="Fnd0Icon" typeName="ProAsm" value="Nxl3COTS_Creo_Assembly.png"/>
   <TcTypeConstantAttach constantName="Fnd0Icon" typeName="ProDgm" value="Nxl3COTS_Creo_Diagram.png"/>
   <TcTypeConstantAttach constantName="Fnd0Icon" typeName="ProDrw" value="Nxl3COTS_Creo_Drawing.png"/>
   <TcTypeConstantAttach constantName="Fnd0Icon" typeName="ProFrm" value="Nxl3COTS_Creo_Format.png"/>
   <TcTypeConstantAttach constantName="Fnd0Icon" typeName="ProGph" value="Nxl3COTS_Gear.png"/>
   <TcTypeConstantAttach constantName="Fnd0Icon" typeName="ProLay" value="Nxl3COTS_Creo_Layout.png"/>
   <TcTypeConstantAttach constantName="Fnd0Icon" typeName="ProMfg" value="Nxl3COTS_Creo_Manufacturing.png"/>
   <TcTypeConstantAttach constantName="Fnd0Icon" typeName="ProMrk" value="Nxl3COTS_Gear.png"/>
   <TcTypeConstantAttach constantName="Fnd0Icon" typeName="ProPrt" value="Nxl3COTS_Creo_Part.png"/>
   <TcTypeConstantAttach constantName="Fnd0Icon" typeName="ProRep" value="Nxl3COTS_Gear.png"/>
   <TcTypeConstantAttach constantName="Fnd0Icon" typeName="ProSec" value="Nxl3COTS_Creo_Sketch.png"/>
   <PropertyRendererAttach rendererName="Nxl3_nextlabsoverlay_icon" typeName="Pro2Cem"
         propertyName="object_string" conditionName="isTrue"/>
   <PropertyRendererAttach rendererName="Nxl3_nextlabsoverlay_icon" typeName="ProAsm"
         propertyName="object_string" conditionName="isTrue"/>
   <PropertyRendererAttach rendererName="Nxl3_nextlabsoverlay_icon" typeName="ProDgm"
         propertyName="object_string" conditionName="isTrue"/>
   <PropertyRendererAttach rendererName="Nxl3_nextlabsoverlay_icon" typeName="ProDrw"
         propertyName="object_string" conditionName="isTrue"/>
   <PropertyRendererAttach rendererName="Nxl3_nextlabsoverlay_icon" typeName="ProFrm"
         propertyName="object_string" conditionName="isTrue"/>
   <PropertyRendererAttach rendererName="Nxl3_nextlabsoverlay_icon" typeName="ProGph"
         propertyName="object_string" conditionName="isTrue"/>
   <PropertyRendererAttach rendererName="Nxl3_nextlabsoverlay_icon" typeName="ProLay"
         propertyName="object_string" conditionName="isTrue"/>
   <PropertyRendererAttach rendererName="Nxl3_nextlabsoverlay_icon" typeName="ProMfg"
         propertyName="object_string" conditionName="isTrue"/>
   <PropertyRendererAttach rendererName="Nxl3_nextlabsoverlay_icon" typeName="ProMrk"
         propertyName="object_string" conditionName="isTrue"/>
   <PropertyRendererAttach rendererName="Nxl3_nextlabsoverlay_icon" typeName="ProPrt"
         propertyName="object_string" conditionName="isTrue"/>
   <PropertyRendererAttach rendererName="Nxl3_nextlabsoverlay_icon" typeName="ProRep"
         propertyName="object_string" conditionName="isTrue"/>
   <PropertyRendererAttach rendererName="Nxl3_nextlabsoverlay_icon" typeName="ProSec"
         propertyName="object_string" conditionName="isTrue"/>
</Add>
</TcBusinessData>
