<?xml version="1.0" encoding="UTF-8" standalone="no"?>
<!--
@<COPYRIGHT>@
==================================================
Copyright 2016.
Siemens Product Lifecycle Management Software Inc.
All Rights Reserved.
==================================================
@<COPYRIGHT>@
--><ProjectInfo>
    <NameValue key="SoaExternalBuild.NETMSBUILDLocation.win64" value="C:\Windows\Microsoft.NET\Framework64\v4.0.30319"/>
    <NameValue key="SoaExternalBuild.NETMSBUILDLocation.V2" value="C:\Windows\Microsoft.NET\Framewor\v2.0.50727"/>
    <NameValue key="ExternalBuild.LinkCommand.linux" value="/usr/bin/g++"/>
    <NameValue key="ExternalBuild.LinkerFlags.linux" value="-shared"/>
    <NameValue key="ExternalBuild.CompileHome" value=""/>
    <NameValue key="ExternalBuild.TCInstallation" value=""/>
    <NameValue key="isAutoGeneratedDescriptions" value="true"/>
    <NameValue key="Codegen.Deprecation.NumberOfReleases" value="1"/>
    <NameValue key="ExternalBuild.CompilerFlags.macos" value="-c -fPIC -fno-common -arch x86_64 -DSTEP -DAP203 -DAP214  -DUNX -DNO_DOT_H -fmessage-length=0 -Wformat=2 -Wmissing-format-attribute"/>
    <NameValue key="ExternalBuild.LinkerFlags.aix" value="-qmkshrobj=0 -brtl -bnolibpath -bbigtoc -bh:5 -bnoentry -qpriority=1 -q64"/>
    <NameValue key="ExternalBuild.LinkCommand.solaris" value="/opt/developerstudio12.5/bin/CC"/>
    <NameValue key="SoaExternalBuild.NETWebtierFeatureUuid" value="2a167881ac414f40abc49c6dde3d517f"/>
    <NameValue key="ExternalBuild.LinkerFlags.solaris" value="-G  -m64"/>
    <NameValue key="ProjectBackup.LocalFileSystem.LastBkpTime" value="2018_10_16_02-36-00"/>
    <NameValue key="ExternalBuild.LinkCommand.macos" value="/usr/bin/g++"/>
    <NameValue key="Windows.Platform.OS" value="Win64-bit"/>
    <NameValue key="ExternalBuild.CompilerFlags.solaris" value="-c -KPIC -mt -m64 -DSTEP -DAP203 -DAP214  -erroff=nonewline -D_XOPEN_SOURCE=500 -DPOSIX -DUNX -DSUN -D_SOLARIS_SOURCE -DNO_DOT_H "/>
    <NameValue key="ExternalBuild.LinkCommand.win64" value="link"/>
    <NameValue key="ProjectBackup.Database.TEMDeploy" value="true"/>
    <NameValue key="ExternalBuild.CompilerFlags.aix" value="-c -qcpluscmt -qrtti -qmaxmem=-1 -qalign=natural -qalias=noansi -qchars=signed -qtbtable=full -q64 -DSTEP -DAP203 -DAP214 -qnamemangling=v8 -D_XOPEN_SOURCE=500 -DPOSIX -DUNX -DAIX -DNO_DOT_H "/>
    <NameValue key="ProjectBackup.Database.EnableBackup" value="true"/>
    <NameValue key="ProjectBackup.LocalFileSystem.EnableBackup" value="true"/>
    <NameValue key="ExternalBuild.LinkCommand.aix" value="/usr/vacpp/bin/xlC_r"/>
    <NameValue key="ExternalBuild.CompileCommand.linux" value="/usr/bin/g++"/>
    <NameValue key="SoaExternalBuild.BundleVersion" value="10000.1.0"/>
    <NameValue key="ExternalBuild.CompileCommand.win64" value="cl"/>
    <NameValue key="Codegen.SrcDir" value="src\server"/>
    <NameValue key="ProjectBackup.Common.IncludeOutputFldr" value="false"/>
    <NameValue key="ProjectBackup.Database.LiveDeploy" value="true"/>
    <NameValue key="ProjectBackup.LocalFileSystem.BackupReminder" value="10"/>
    <NameValue key="ExternalBuild.CompileCommand.macos" value="/usr/bin/g++"/>
    <NameValue key="ExternalBuild.LinkerFlags.macos" value="-dynamiclib -Wl,-undefined,error -arch x86_64 -headerpad_max_install_names"/>
    <NameValue key="ExternalBuild.CompilerFlags.win64" value="-MD -c -nologo -EHsc -FS -FI %TC_ROOT%/include/msvcpragmas.h -DSTEP -DAP203 -DAP214 -DWIN32_LEAN_AND_MEAN -DWNT -D_WIN32_WINNT=0x0601 -DWINVER=0x0601 -DNTDDI_VERSION=0x06010000 -D_CRT_SECURE_NO_DEPRECATE -D_CRT_NONSTDC_NO_DEPRECATE -DWNT -D_WIN32 -DWIN32 -D_WIN64 -D_INTEL=1 -DCRTAPI1=_cdecl -DCRTAPI2=cdecl -DNO_DOT_H -W3"/>
    <NameValue key="Codegen.Namespace" value="nextlabs_ipem"/>
    <NameValue key="ExternalBuild.CompileCommand.aix" value="/usr/vacpp/bin/xlC_r"/>
    <NameValue key="ExternalBuild.CompileCommand.solaris" value="/opt/developerstudio12.5/bin/CC"/>
    <NameValue key="ExternalBuild.LinkerFlags.win64" value="-dll -debug -nologo -nodefaultlib -incremental:no -subsystem:console -dynamicbase -nxcompat"/>
    <NameValue key="Codegen.Deprecation.policy" value="true"/>
    <NameValue key="Codegen.Copyright" value="Copyright $CURRENT_YEAR.&#13;&#10;Siemens Product Lifecycle Management Software Inc.&#13;&#10;All Rights Reserved."/>
    <NameValue key="ExternalBuild.CompilerFlags.linux" value="-c -fPIC -m64 -DSTEP -DAP203 -DAP214 -std=c++11 -D_XOPEN_SOURCE=600 -DPOSIX -DNO_DOT_H -fmessage-length=0 -Wformat=2 -Wmissing-format-attribute"/>
</ProjectInfo>
