<?xml version="1.0" encoding="UTF-8" standalone="no"?>
<TcBusinessDataIncludes>
    <include iconfile="Nxl3nxl_ico.png"/>
    <include iconfile="Nxl3COTS_PDF.png"/>
    <include iconfile="Nxl3COTS_JtSimplification.png"/>
    <include iconfile="Nxl3overlay.png"/>
    <include iconfile="Nxl3COTS_Bitmap.png"/>
    <include iconfile="Nxl3COTS_Gear.png"/>
    <include iconfile="Nxl3COTS_AdobeIllustrator.png"/>
    <include iconfile="Nxl3COTS_DirectModel_Constraint.png"/>
    <include iconfile="Nxl3COTS_JPEG.png"/>
    <include iconfile="Nxl3COTS_Image.png"/>
    <include iconfile="Nxl3COTS_HTML.png"/>
    <include iconfile="Nxl3COTS_FullText.png"/>
    <include iconfile="Nxl3COTS_CME_Report.png"/>
    <include iconfile="Nxl3COTS_GIF.png"/>
    <include iconfile="Nxl3COTS_HPGL.png"/>
    <include iconfile="Nxl3COTS_DXF.png"/>
    <include iconfile="Nxl3COTS_MSPowerPointTemplate.png"/>
    <include iconfile="Nxl3COTS_MSWord.png"/>
    <include iconfile="Nxl3COTS_Markup.png"/>
    <include iconfile="Nxl3COTS_MSWordX.png"/>
    <include iconfile="Nxl3COTS_MSPowerPoint.png"/>
    <include iconfile="Nxl3COTS_MSProject.png"/>
    <include iconfile="Nxl3COTS_MSExcel.png"/>
    <include iconfile="Nxl3COTS_MSExcelTemplate.png"/>
    <include iconfile="Nxl3COTS_MSPowerPointTemplateX.png"/>
    <include iconfile="Nxl3COTS_NXMotion.png"/>
    <include iconfile="Nxl3COTS_MSPowerPointX.png"/>
    <include iconfile="Nxl3COTS_MSWordTemplateX.png"/>
    <include iconfile="Nxl3COTS_MSExcelX.png"/>
    <include iconfile="Nxl3COTS_MSWordTemplate.png"/>
    <include iconfile="Nxl3COTS_Outlook.png"/>
    <include iconfile="Nxl3COTS_Postscript.png"/>
    <include iconfile="Nxl3COTS_UGCAMShopDoc.png"/>
    <include iconfile="Nxl3COTS_PDX.png"/>
    <include iconfile="Nxl3COTS_WorkInstructionsPreview.png"/>
    <include iconfile="Nxl3COTS_VisPublishTechnicalIllustration.png"/>
    <include iconfile="Nxl3COTS_VisPublishTechnicalPortfolio.png"/>
    <include iconfile="Nxl3COTS_XMLRenderingStylesheet.png"/>
    <include iconfile="Nxl3COTS_UGPART.png"/>
    <include iconfile="Nxl3COTS_UGALTREP.png"/>
    <include iconfile="Nxl3COTS_WorkInstructionsSymbol.png"/>
    <include iconfile="Nxl3COTS_TCPublishingTechnicalPortfolio.png"/>
    <include iconfile="Nxl3COTS_UGSCENARIO.png"/>
    <include iconfile="Nxl3COTS_Photoshop.png"/>
    <include iconfile="Nxl3COTS_WorkInstructionsAssets.png"/>
    <include iconfile="Nxl3COTS_UGCAMCLSF.png"/>
    <include iconfile="Nxl3COTS_TCPublishingPage.png"/>
    <include iconfile="Nxl3COTS_SnapShotViewData.png"/>
    <include iconfile="Nxl3COTS_TIF.png"/>
    <include iconfile="Nxl3COTS_UGMASTER.png"/>
    <include iconfile="Nxl3COTS_WordPerfect.png"/>
    <include iconfile="Nxl3COTS_UGCAMPTP.png"/>
    <include iconfile="Nxl3COTS_ProgramView.png"/>
    <include iconfile="Nxl3COTS_Text.png"/>
    <include iconfile="Nxl3COTS_MSExcelTemplateX.png"/>
</TcBusinessDataIncludes>
