<?xml version="1.0" encoding="UTF-8" standalone="no"?>
<TcBusinessDataIncludes>
    <include iconfile="Nxl3COTS_Creo_Assembly.png"/>
    <include iconfile="Nxl3COTS_Gear.png"/>
    <include iconfile="Nxl3COTS_Creo_Layout.png"/>
    <include iconfile="Nxl3COTS_Creo_Part.png"/>
    <include iconfile="Nxl3COTS_Creo_Manufacturing.png"/>
    <include iconfile="Nxl3COTS_Creo_Drawing.png"/>
    <include iconfile="Nxl3COTS_Creo_Diagram.png"/>
    <include iconfile="Nxl3COTS_Creo_Format.png"/>
    <include iconfile="Nxl3COTS_Creo_Sketch.png"/>
    <include iconfile="Nxl3nxl_ico.png"/>
</TcBusinessDataIncludes>
