<?xml version="1.0" encoding="utf-8" standalone="no"?>
<!--
Copyright 2017 Siemens Product Lifecycle Management Software Inc. All Rights Reserved.
================================================================================
Copyright 2017.
Siemens Product Lifecycle Management Software Inc.
All Rights Reserved.
================================================================================
Copyright 2017 Siemens Product Lifecycle Management Software Inc. All Rights Reserved.
-->
<package guid="40CEB8CADB392EEFB653F2952D80E776" packageId="nextlabsswim">
    <displayName value="${packageId}.displayName"/>
    <description value="${packageId}.description"/>
    <contentType value="application"/>
    <propertyContribution/>
    <dependencies>
        <dependency id="swim" type="requires"/>
        <dependency id="translationservice" type="requires"/>
        <dependency id="nextlabs" type="requires"/>
    </dependencies>
    <artifact artifactType="fnd0_dataModelArtifact" guid="1CDA731B6D746B536CA3C388888317C0">
        <deploymentActions>
            <install>
                <target description="Perform the file deployment actions including unzip, copy, and delete." name="fileProcessing">
                    <unzip dest="${Teamcenter_root_path}" src="${Teamcenter_nextlabsswim_path}/artifacts/nextlabsswim_template.zip"/>
                    <unzip dest="${Teamcenter_root_path}" src="${Teamcenter_nextlabsswim_path}/artifacts/nextlabsswim_install.zip"/>
                    <copy file="${Teamcenter_nextlabsswim_path}/artifacts/nextlabsswim_icons.zip" todir="${Teamcenter_root_path}/install/nextlabsswim"/>
                </target>
                <target description="Perform the operations that must be completed prior to the database being updated." name="preDatabaseUpdate">
                    <TemplateDeploy name="nextlabsswim"/>
                </target>
                <target description="Perform the operations that are database dependent." name="databaseUpdate"/>
                <target description="Perform the operations that must be completed after the database update has occurred." name="postDatabaseUpdate"/>
            </install>
            <update>
                <target description="Perform the file deployment actions including unzip, copy, and delete." name="fileProcessing">
                    <unzip dest="${Teamcenter_root_path}" src="${Teamcenter_nextlabsswim_path}/artifacts/nextlabsswim_template.zip"/>
                    <unzip dest="${Teamcenter_root_path}" src="${Teamcenter_nextlabsswim_path}/artifacts/nextlabsswim_install.zip"/>
                    <copy file="${Teamcenter_nextlabsswim_path}/artifacts/nextlabsswim_icons.zip" force="true" overwrite="true" todir="${Teamcenter_root_path}/install/nextlabsswim"/>
                </target>
                <target description="Perform the operations that must be completed prior to the database being updated." name="preDatabaseUpdate">
                    <TemplateUpdate name="nextlabsswim"/>
                </target>
                <target description="Perform the operations that are database dependent." name="databaseUpdate"/>
                <target description="Perform the operations that must be completed after the database update has occurred." name="postDatabaseUpdate"/>
            </update>
        </deploymentActions>
    </artifact>
</package>
