<?xml version="1.0" encoding="UTF-8"?>
<TcBusinessData xmlns="http://teamcenter.com/BusinessModel/TcBusinessData" Date="">
<Add>
   <TcDatasetToolAttach datasetType="SW2Asmdot">
      <TcDSViewTool name="Nxl3_FileHandler"/>
   </TcDatasetToolAttach>
   <TcDatasetToolAttach datasetType="SW2Asmdot">
      <TcDSEditTool name="Nxl3_FileHandler"/>
   </TcDatasetToolAttach>
   <TcDatasetReferenceAttach datasetType="SW2Asmdot">
      <TcDatasetReference name="Nxl3_DRM_Protected_Reference">
         <TcDatasetReferenceInfo template="*.nxl" format="BINARY"/>
      </TcDatasetReference>
   </TcDatasetReferenceAttach>
   <TcDatasetToolActionAttach datasetType="SW2Asmdot" tool="Nxl3_FileHandler" action="Open">
      <TcToolActionReference export="true" referenceName="Nxl3_DRM_Protected_Reference"/>
      <TcToolParameter name="$Nxl3_DRM_Protected_Reference"/>
   </TcDatasetToolActionAttach>
   <TcDatasetToolAttach datasetType="SW2Drwdot">
      <TcDSViewTool name="Nxl3_FileHandler"/>
   </TcDatasetToolAttach>
   <TcDatasetToolAttach datasetType="SW2Drwdot">
      <TcDSEditTool name="Nxl3_FileHandler"/>
   </TcDatasetToolAttach>
   <TcDatasetReferenceAttach datasetType="SW2Drwdot">
      <TcDatasetReference name="Nxl3_DRM_Protected_Reference">
         <TcDatasetReferenceInfo template="*.nxl" format="BINARY"/>
      </TcDatasetReference>
   </TcDatasetReferenceAttach>
   <TcDatasetToolActionAttach datasetType="SW2Drwdot" tool="Nxl3_FileHandler" action="Open">
      <TcToolActionReference export="true" referenceName="Nxl3_DRM_Protected_Reference"/>
      <TcToolParameter name="$Nxl3_DRM_Protected_Reference"/>
   </TcDatasetToolActionAttach>
   <TcDatasetToolAttach datasetType="SW2Lfp">
      <TcDSViewTool name="Nxl3_FileHandler"/>
   </TcDatasetToolAttach>
   <TcDatasetToolAttach datasetType="SW2Lfp">
      <TcDSEditTool name="Nxl3_FileHandler"/>
   </TcDatasetToolAttach>
   <TcDatasetReferenceAttach datasetType="SW2Lfp">
      <TcDatasetReference name="Nxl3_DRM_Protected_Reference">
         <TcDatasetReferenceInfo template="*.nxl" format="BINARY"/>
      </TcDatasetReference>
   </TcDatasetReferenceAttach>
   <TcDatasetToolActionAttach datasetType="SW2Lfp" tool="Nxl3_FileHandler" action="Open">
      <TcToolActionReference export="true" referenceName="Nxl3_DRM_Protected_Reference"/>
      <TcToolParameter name="$Nxl3_DRM_Protected_Reference"/>
   </TcDatasetToolActionAttach>
   <TcDatasetToolAttach datasetType="SW2Prtdot">
      <TcDSViewTool name="Nxl3_FileHandler"/>
   </TcDatasetToolAttach>
   <TcDatasetToolAttach datasetType="SW2Prtdot">
      <TcDSEditTool name="Nxl3_FileHandler"/>
   </TcDatasetToolAttach>
   <TcDatasetReferenceAttach datasetType="SW2Prtdot">
      <TcDatasetReference name="Nxl3_DRM_Protected_Reference">
         <TcDatasetReferenceInfo template="*.nxl" format="BINARY"/>
      </TcDatasetReference>
   </TcDatasetReferenceAttach>
   <TcDatasetToolActionAttach datasetType="SW2Prtdot" tool="Nxl3_FileHandler" action="Open">
      <TcToolActionReference export="true" referenceName="Nxl3_DRM_Protected_Reference"/>
      <TcToolParameter name="$Nxl3_DRM_Protected_Reference"/>
   </TcDatasetToolActionAttach>
   <TcDatasetToolAttach datasetType="SW2Tbx">
      <TcDSViewTool name="Nxl3_FileHandler"/>
   </TcDatasetToolAttach>
   <TcDatasetToolAttach datasetType="SW2Tbx">
      <TcDSEditTool name="Nxl3_FileHandler"/>
   </TcDatasetToolAttach>
   <TcDatasetReferenceAttach datasetType="SW2Tbx">
      <TcDatasetReference name="Nxl3_DRM_Protected_Reference">
         <TcDatasetReferenceInfo template="*.nxl" format="BINARY"/>
      </TcDatasetReference>
   </TcDatasetReferenceAttach>
   <TcDatasetToolActionAttach datasetType="SW2Tbx" tool="Nxl3_FileHandler" action="Open">
      <TcToolActionReference export="true" referenceName="Nxl3_DRM_Protected_Reference"/>
      <TcToolParameter name="$Nxl3_DRM_Protected_Reference"/>
   </TcDatasetToolActionAttach>
   <TcDatasetToolAttach datasetType="SWAsm">
      <TcDSViewTool name="Nxl3_FileHandler"/>
   </TcDatasetToolAttach>
   <TcDatasetToolAttach datasetType="SWAsm">
      <TcDSEditTool name="Nxl3_FileHandler"/>
   </TcDatasetToolAttach>
   <TcDatasetReferenceAttach datasetType="SWAsm">
      <TcDatasetReference name="Nxl3_DRM_Protected_Reference">
         <TcDatasetReferenceInfo template="*.nxl" format="BINARY"/>
      </TcDatasetReference>
   </TcDatasetReferenceAttach>
   <TcDatasetToolActionAttach datasetType="SWAsm" tool="Nxl3_FileHandler" action="Open">
      <TcToolActionReference export="true" referenceName="Nxl3_DRM_Protected_Reference"/>
      <TcToolParameter name="$Nxl3_DRM_Protected_Reference"/>
   </TcDatasetToolActionAttach>
   <TcDatasetToolAttach datasetType="SWDrw">
      <TcDSViewTool name="Nxl3_FileHandler"/>
   </TcDatasetToolAttach>
   <TcDatasetToolAttach datasetType="SWDrw">
      <TcDSEditTool name="Nxl3_FileHandler"/>
   </TcDatasetToolAttach>
   <TcDatasetReferenceAttach datasetType="SWDrw">
      <TcDatasetReference name="Nxl3_DRM_Protected_Reference">
         <TcDatasetReferenceInfo template="*.nxl" format="BINARY"/>
      </TcDatasetReference>
   </TcDatasetReferenceAttach>
   <TcDatasetToolActionAttach datasetType="SWDrw" tool="Nxl3_FileHandler" action="Open">
      <TcToolActionReference export="true" referenceName="Nxl3_DRM_Protected_Reference"/>
      <TcToolParameter name="$Nxl3_DRM_Protected_Reference"/>
   </TcDatasetToolActionAttach>
   <TcDatasetToolAttach datasetType="SWPrt">
      <TcDSViewTool name="Nxl3_FileHandler"/>
   </TcDatasetToolAttach>
   <TcDatasetToolAttach datasetType="SWPrt">
      <TcDSEditTool name="Nxl3_FileHandler"/>
   </TcDatasetToolAttach>
   <TcDatasetReferenceAttach datasetType="SWPrt">
      <TcDatasetReference name="Nxl3_DRM_Protected_Reference">
         <TcDatasetReferenceInfo template="*.nxl" format="BINARY"/>
      </TcDatasetReference>
   </TcDatasetReferenceAttach>
   <TcDatasetToolActionAttach datasetType="SWPrt" tool="Nxl3_FileHandler" action="Open">
      <TcToolActionReference export="true" referenceName="Nxl3_DRM_Protected_Reference"/>
      <TcToolParameter name="$Nxl3_DRM_Protected_Reference"/>
   </TcDatasetToolActionAttach>
   <TcGlobalConstantAttach constantName="Fnd0SelectedLocales" value="en_US"/>
   <TcTypeConstantAttach constantName="Fnd0Icon" typeName="SW2Tbx" value="Nxl3COTS_Gear.png"/>
   <TcTypeConstantAttach constantName="Fnd0Icon" typeName="SWAsm" value="Nxl3COTS_SW_assembly.png"/>
   <TcTypeConstantAttach constantName="Fnd0Icon" typeName="SWDrw" value="Nxl3COTS_SW_drawing.png"/>
   <TcTypeConstantAttach constantName="Fnd0Icon" typeName="SWPrt" value="Nxl3COTS_SW_part.png"/>
   <Functionality name="Nxl3nextlabsswim" displayName="nextlabs_swim" enabledForVerificationRules="false"
         description="Component for the template - nextlabsswim"/>
   <PropertyRendererAttach rendererName="Nxl3_nextlabsoverlay_icon" typeName="SW2Asmdot"
         propertyName="object_string" conditionName="isTrue"/>
   <PropertyRendererAttach rendererName="Nxl3_nextlabsoverlay_icon" typeName="SW2Drwdot"
         propertyName="object_string" conditionName="isTrue"/>
   <PropertyRendererAttach rendererName="Nxl3_nextlabsoverlay_icon" typeName="SW2Lfp"
         propertyName="object_string" conditionName="isTrue"/>
   <PropertyRendererAttach rendererName="Nxl3_nextlabsoverlay_icon" typeName="SW2Prtdot"
         propertyName="object_string" conditionName="isTrue"/>
   <PropertyRendererAttach rendererName="Nxl3_nextlabsoverlay_icon" typeName="SW2Tbx"
         propertyName="object_string" conditionName="isTrue"/>
   <PropertyRendererAttach rendererName="Nxl3_nextlabsoverlay_icon" typeName="SWAsm"
         propertyName="object_string" conditionName="isTrue"/>
   <PropertyRendererAttach rendererName="Nxl3_nextlabsoverlay_icon" typeName="SWDrw"
         propertyName="object_string" conditionName="isTrue"/>
   <PropertyRendererAttach rendererName="Nxl3_nextlabsoverlay_icon" typeName="SWPrt"
         propertyName="object_string" conditionName="isTrue"/>
</Add>
</TcBusinessData>
